relative_path,package_layer,size_bytes,sha256
.github/workflows/repository-quality.yml,Repository metadata,811,bb7ee1da352f139bad4751469645117f30a5dcdeae551563215a0781785bd98c
.gitignore,Repository metadata,259,0a43038f291cc11582baaa693c0015d6c462e129a484d96b2d90b2b9c931a52f
CITATION.cff,Repository metadata,595,581edbba808c33eed191995607ad9cc39026af05b99d7391324dd82aaf540db8
CONTRIBUTING.md,Repository metadata,1231,78032a3233164b2915a7b6a5be36dd3971b75e7d96069fb239fd6f9c5c3c0a87
INTERFACE_GUIDE_CN.md,Repository metadata,1048,b1a3b30c978e6b930f847b18df2e9270bacaa9c603713ca95f9e15bea87f6739
INTERFACE_GUIDE_EN.md,Repository metadata,1049,62907167a4ac8fde2e83f306d34449113ea76ba62b00a4ed3c6a2785fff31440
README.md,README.md,2082,d0269d56df90db6c81484c31b3fa9775bbd17211ead7b2b66e65c3ad89786e5c
README_CN.md,README_CN.md,2201,64d3c75c7f22ee922454fabb9c450ff26eee0a072068ce357db0ba7aefc01ce7
Repository_Files_FBBP_DB_v1_release/analysis/air_all_background/tbp_vs_airs_air_reference_v1.csv,Repository_Files_FBBP_DB_v1_release,3906074,c569067425a97efcdc49bfcaf237946e693c82d366569149d6eed1bb1094c272
Repository_Files_FBBP_DB_v1_release/analysis/air_all_background/tbp_vs_airs_enhanced_analysis_20260402.md,Repository_Files_FBBP_DB_v1_release,2758,db09cc833768d1b5a6fbd2b49765009716965859e0b5e9c2da586405eaf5ea8d
Repository_Files_FBBP_DB_v1_release/analysis/air_all_background/tbp_vs_airs_enhanced_loop_level_v2.csv,Repository_Files_FBBP_DB_v1_release,2848480,84f71558f61ee6e3a0a41067bd2972ec9db466a969d1da06024e06c2c9340ce7
Repository_Files_FBBP_DB_v1_release/analysis/air_all_background/tbp_vs_airs_enhanced_summary_v2.json,Repository_Files_FBBP_DB_v1_release,1167,2e9f8a337beaa3cbe2b224de223e896a29c81b610c5a87cfd6e6d547351f6811
Repository_Files_FBBP_DB_v1_release/analysis/air_all_background/tbp_vs_airs_exact_match_dynamic_summary_v2.csv,Repository_Files_FBBP_DB_v1_release,395,40bf4c2be57e92f36c11ca597b3318cf8412cb452567c5da4b1e13d4da020fd1
Repository_Files_FBBP_DB_v1_release/analysis/air_all_background/tbp_vs_airs_length_standardized_summary_v2.csv,Repository_Files_FBBP_DB_v1_release,345,0e571ab58720dacb21df3d7c06e6c3bb0221fe5e06da3a831a08d5be2790985b
Repository_Files_FBBP_DB_v1_release/analysis/air_all_background/tbp_vs_airs_logit_summary_v2.csv,Repository_Files_FBBP_DB_v1_release,911,a5dd0128b0aaf3d43c1350ef6b1b2ec0133f8d8e6e5b88187381d1f31c0c9077
Repository_Files_FBBP_DB_v1_release/analysis/air_all_background/tbp_vs_airs_loop_level_comparison_v1.csv,Repository_Files_FBBP_DB_v1_release,3123931,5e1b59bacf89e8094b329d54ac55aa3b6fe438cc50704330d3acb287e24645ad
Repository_Files_FBBP_DB_v1_release/analysis/air_all_background/tbp_vs_airs_mantel_haenszel_summary_v2.csv,Repository_Files_FBBP_DB_v1_release,228,6e8970eeffc36a4508a95ee3341450574bf728cec411d94d8c71712f6a78829b
Repository_Files_FBBP_DB_v1_release/analysis/air_all_background/TBP_vs_AIRs_masked_MSA_detailed_process_results_20260405.md,Repository_Files_FBBP_DB_v1_release,27892,2b979be1b14af6a866a996e46553729f92b1d2e63839a9ff2817a5a10b5d61b2
Repository_Files_FBBP_DB_v1_release/analysis/air_all_background/tbp_vs_airs_scaffold_standardized_summary_v2.csv,Repository_Files_FBBP_DB_v1_release,943,c2b1bdcfa6ab9446c67f3ba1630b664c324b12b883b12a7678b05d0a5a33dc8a
Repository_Files_FBBP_DB_v1_release/analysis/ANALYSIS_ASSET_STATUS.md,Repository_Files_FBBP_DB_v1_release,825,f23b8cf0d0ba5fc08de0140c09453e52e0610a7f6dbd02926f42bdd2500d0338
Repository_Files_FBBP_DB_v1_release/analysis/binding_interface/2026-04-18_binding_nonbinding_complete_analysis.md,Repository_Files_FBBP_DB_v1_release,18436,8bfd32c70ca81e74d5c2ba49688b06de8fc903a14f08a7d3fc86cb38da14fcdd
Repository_Files_FBBP_DB_v1_release/analysis/binding_interface/binding_loop_residue_summary_strict_v1.csv,Repository_Files_FBBP_DB_v1_release,45241,9acb1ae7a72669352c74d874456637d4b3b8ed469f33bef27113a143170782f2
Repository_Files_FBBP_DB_v1_release/analysis/binding_interface/binding_residue_labels_strict_v1.csv,Repository_Files_FBBP_DB_v1_release,472326,7a534214a8f083e987a35b5be5752f8c3d1cabd6e79c865991ba47854f2ce83b
Repository_Files_FBBP_DB_v1_release/analysis/binding_interface/binding_residue_report_strict_v1.md,Repository_Files_FBBP_DB_v1_release,1689,5a22f0e5cfe2252becbdc8bcfead4063679357dfeb0ce2871a9732244082fea2
Repository_Files_FBBP_DB_v1_release/analysis/binding_interface/binding_subregion_report_manual_final_v1.md,Repository_Files_FBBP_DB_v1_release,1163,2f19cf36755b72a9b854fc3026ede04e89d63964fd3b70a5dd838102fefcd26c
Repository_Files_FBBP_DB_v1_release/analysis/binding_interface/binding_subregion_summary_manual_final_v1.csv,Repository_Files_FBBP_DB_v1_release,1002,9644cf766b32b82b19cf0a2863efd0cfc3e115b619b0218fe26a047168ea4f88
Repository_Files_FBBP_DB_v1_release/analysis/binding_interface/binding_subregion_summary_manual_final_v1.json,Repository_Files_FBBP_DB_v1_release,2839,67cd04cc92f148962f7b8590d71774fc2ff5e22dd8fd1f0607b686766e2afd40
Repository_Files_FBBP_DB_v1_release/analysis/binding_interface/binding_vs_nonbinding_primary_report_manual_final_v1.md,Repository_Files_FBBP_DB_v1_release,4678,314dbd78311bf2cbbab7183911ae32b30e4d844f880b9c9cd2333484eabbb519
Repository_Files_FBBP_DB_v1_release/analysis/binding_interface/binding_vs_nonbinding_primary_stats_manual_final_v1.csv,Repository_Files_FBBP_DB_v1_release,4378,09d0b9572c712347e0d3bce3605db68ae6dcef43e0be604caaf0e8a7eca1880b
Repository_Files_FBBP_DB_v1_release/analysis/binding_interface/binding_vs_nonbinding_residue_stats_strict_v1.csv,Repository_Files_FBBP_DB_v1_release,8469,b9bd087274d63a1cee91e61ddf4d658c4843070d036ee5b24519422223a0aae6
Repository_Files_FBBP_DB_v1_release/analysis/binding_interface/binding_window_clustered_mixed_effects_robustness_20260527.csv,Repository_Files_FBBP_DB_v1_release,3445,894c6be6c6636f29037c56ec526c42c75be5b9d7e3418b339f4ec2a580b3e49f
Repository_Files_FBBP_DB_v1_release/analysis/binding_interface/loop_binding_labels_manual_final_v1.csv,Repository_Files_FBBP_DB_v1_release,1309426,fdd836cc48a62eeac380b355bc463b208ae799bab0dc023915520ed7f864dfd5
Repository_Files_FBBP_DB_v1_release/analysis/binding_interface/loop_binding_subregions_long_manual_final_v1.csv,Repository_Files_FBBP_DB_v1_release,274466,b94b7ab75b64b194b293f7429be3437a61bd0a73ad067414e806c56ec36e7521
Repository_Files_FBBP_DB_v1_release/analysis/binding_interface/pcsk9_1459D05_case_study_summary.tsv,Repository_Files_FBBP_DB_v1_release,2359,24ab26e74083213759bbf4679e6a3705eab1716b7a0558ac4c744853fbd265ef
Repository_Files_FBBP_DB_v1_release/analysis/minimal_workflow_expected_outputs_20260601.tsv,Repository_Files_FBBP_DB_v1_release,969,e08c0d85bc42840ba59db03015ec36a086cc6e56d2addef359f7dd8c02e312e4
Repository_Files_FBBP_DB_v1_release/analysis/strict_background/strict_combined_background_air_clusters_20260531.csv,Repository_Files_FBBP_DB_v1_release,786779,391dd39887f488dbf1312932d3d989a289bea4bed43a5c4e1b4fae792568a4ad
Repository_Files_FBBP_DB_v1_release/analysis/strict_background/strict_combined_background_cluster_members_20260531.csv,Repository_Files_FBBP_DB_v1_release,801662,c8990a5fe00610abfea7f910cc00caab26ac497f4692487251439fbac1f6f816
Repository_Files_FBBP_DB_v1_release/analysis/strict_background/strict_combined_background_fbbp_clusters_20260531.csv,Repository_Files_FBBP_DB_v1_release,6454,5436b7dd66b5160ded778be4a3dc3deea65a015235d7eaf90a8a9224e2499b50
Repository_Files_FBBP_DB_v1_release/analysis/strict_background/strict_combined_background_report_20260531.md,Repository_Files_FBBP_DB_v1_release,2190,02ce0998f9b48ed4f2e9b7cf7d755a25aed8eda6c76da2dd41251a56cdc0fd35
Repository_Files_FBBP_DB_v1_release/analysis/strict_background/strict_combined_background_summary_20260531.csv,Repository_Files_FBBP_DB_v1_release,1064,da78245db0f2c986cbcb1627d6596064aa95b194c3bff6fb00b8de45ab09da2d
Repository_Files_FBBP_DB_v1_release/build_audit/release_summary.json,Repository_Files_FBBP_DB_v1_release,185,e060aa697f834ead5b73bae9fb22e2e7c427d3d122b63541352003c3517827f9
Repository_Files_FBBP_DB_v1_release/build_audit/SANITIZED_BUILD_PROVENANCE.tsv,Repository_Files_FBBP_DB_v1_release,23531,22a04cf9132e9870550c34db7ce2b86abd795a0badb15215c5248ab24302e33b
Repository_Files_FBBP_DB_v1_release/CHANGELOG.md,Repository_Files_FBBP_DB_v1_release,499,75b4db85d88f71ad69da97080447547c6bc583ef8b9877de662c14cc6ec2317b
Repository_Files_FBBP_DB_v1_release/CITATION.cff,Repository_Files_FBBP_DB_v1_release,431,243bad3557dad885bbc92ade007ef2d9fee5de06b15198827ff843b5658b3bf2
Repository_Files_FBBP_DB_v1_release/code/air_all_background/compare_tbp_vs_airs_v1.py,Repository_Files_FBBP_DB_v1_release,16142,052b92b484203a8a02d8caadcf21f68cc75f76aef1f5ba0998bbd2ca8ff7391a
Repository_Files_FBBP_DB_v1_release/code/air_all_background/compare_tbp_vs_airs_v2.py,Repository_Files_FBBP_DB_v1_release,19410,0da1e12887a19dad00c38b3a2a7cd73424490d0d4589cdbc78dcf03e4e75bc20
Repository_Files_FBBP_DB_v1_release/code/binding_interface/build_binding_nonbinding_candidates_v1.py,Repository_Files_FBBP_DB_v1_release,12011,988f0f5187b77a4d14c4ec97023e8ab20398350b75891d3019ef3565b077410c
Repository_Files_FBBP_DB_v1_release/code/binding_interface/build_binding_residue_strict_v1.py,Repository_Files_FBBP_DB_v1_release,22066,6fdd3e69eb579b1981f371ef693ccc1ab89132275c6cba389911a2c91dd82bdd
Repository_Files_FBBP_DB_v1_release/code/binding_interface/build_binding_subregion_analysis_v1.py,Repository_Files_FBBP_DB_v1_release,39582,78c6958773b9d2017ffacff092cd8858c5f1d02baac388eade0872bf08fff634
Repository_Files_FBBP_DB_v1_release/code/README_CODE_RELEASE_STATUS.md,Repository_Files_FBBP_DB_v1_release,894,7ebf2d971dbec9014301390f6d358bf7c63dfda7bbaf702a194e6cbaac90b32c
Repository_Files_FBBP_DB_v1_release/code/strict_background/inspect_strict_background_inputs_20260531.py,Repository_Files_FBBP_DB_v1_release,2193,eaf40fd89b634c4e03564996c8bd8b3a20f7196515a9ea93502bfb7e3cb8d59c
Repository_Files_FBBP_DB_v1_release/code/strict_background/run_strict_background_20260531.py,Repository_Files_FBBP_DB_v1_release,16630,3157b7f6f64e1c860d617eafa2c71b823faf6bfa8f436c5bfe76f133292fea9e
Repository_Files_FBBP_DB_v1_release/code/website_bundle/build_frontend_bundle.py,Repository_Files_FBBP_DB_v1_release,43086,2ed0c048c0f835ff4bf79e1bf84bd8ca39a67ef84f8eb5787cd322e8c5b47ee8
Repository_Files_FBBP_DB_v1_release/DATA_DICTIONARY.tsv,Repository_Files_FBBP_DB_v1_release,343121,b7fa9b17e01b809fe149a3ffd062f43f751e1da162138ffb50bc32f02c04c4d1
Repository_Files_FBBP_DB_v1_release/figure_source_data/final_figure_source_map_20260601_sanitized.csv,Repository_Files_FBBP_DB_v1_release,2784,86866050ecc03226ac16ac7bc14b1b0d257c916b43b54c11862304406139bdcf
Repository_Files_FBBP_DB_v1_release/figure_source_data/pcsk9_case_figure/Figure_5_PCSK9_1459D05_evidence_chain.png,Repository_Files_FBBP_DB_v1_release,954261,d219d5ee8e725b65cfee544c0c34fbbc1ed04eed099c5a52d6cf1738f271884a
Repository_Files_FBBP_DB_v1_release/figure_source_data/pcsk9_case_figure/Figure_5_PCSK9_1459D05_evidence_chain.svg,Repository_Files_FBBP_DB_v1_release,226820,875a811f608dab7de9e3d67614e233d35c04c2501058011ac9eeb1a27485a9b9
Repository_Files_FBBP_DB_v1_release/figure_source_data/pcsk9_case_figure/generate_figure5_pcsk9_comparator.py,Repository_Files_FBBP_DB_v1_release,9379,ff3aacaa648f95850afad3fddcdb83e3f3803683d61ad3263caa1e992431db9e
Repository_Files_FBBP_DB_v1_release/figure_source_data/schema_web_resource/er-mermaid.png,Repository_Files_FBBP_DB_v1_release,651422,ff00989b3f3bc98bc6227f72ae04387d30c9bb3ac342da7ca23892cdaa6d93f6
Repository_Files_FBBP_DB_v1_release/figure_source_data/schema_web_resource/ER_diagram.png,Repository_Files_FBBP_DB_v1_release,4722169,351508f98526ed84f1832c26fbe5aaa8a5517209147db4f875827a09b47baaa7
Repository_Files_FBBP_DB_v1_release/filename_alias_map.csv,Repository_Files_FBBP_DB_v1_release,1583,c2da5f5a8db92443ce74607bcc200ebac10054775cf6e4bf7d05781759a716c1
Repository_Files_FBBP_DB_v1_release/LICENSE_DATA.txt,Repository_Files_FBBP_DB_v1_release,626,d91c5fa719d1869bfdc305a094fb18dd64c9f6ae47138bbd82798d9eec9f5e25
Repository_Files_FBBP_DB_v1_release/MANIFEST.tsv,Repository_Files_FBBP_DB_v1_release,30801,21019779d1a60a89a159eca3fd410ccbb52637500ae27faa9252f60901838d69
Repository_Files_FBBP_DB_v1_release/README.md,Repository_Files_FBBP_DB_v1_release,2807,88d656a085bf93a5496ce2153cc2465b582b34d4653a1ed25af5aff8f3d3246f
Repository_Files_FBBP_DB_v1_release/README_SUPPLEMENTARY_REPOSITORY_FILES.md,Repository_Files_FBBP_DB_v1_release,468,493e9467456cd8f9a7a32efd9e5a204a3c78e3250e0afa0330f6f8c3b32858c5
Repository_Files_FBBP_DB_v1_release/schema/database_schema_description.md,Repository_Files_FBBP_DB_v1_release,5269,28f879fdd7e7a567d4f15ed64731c397fb1e6c80b370bbe0a0e388a1a78cbf26
Repository_Files_FBBP_DB_v1_release/schema/database_schema_table_inventory.csv,Repository_Files_FBBP_DB_v1_release,4948,fb5256908c0561fa4f14ad596c6859033a81bbb9f35ef58017f3ff0e06c89ce8
Repository_Files_FBBP_DB_v1_release/schema/database_schema_table_inventory.md,Repository_Files_FBBP_DB_v1_release,5769,a923524bddaa14df0f0839d91f02f316724d8d1bf671644bfd9d73c7d63dc8d1
Repository_Files_FBBP_DB_v1_release/schema/protein_database_er_core.mmd,Repository_Files_FBBP_DB_v1_release,3156,a38e6fa2ea702c204f08bd72392a3c66ff5dccf03ca62b1efb9a6e6056e23f26
Repository_Files_FBBP_DB_v1_release/schema/protein_database_er_core.sql,Repository_Files_FBBP_DB_v1_release,5509,3d053b6506e7924622c0921ddb1ed9cebff78a39f92977a119d94cfe7479cf6b
Repository_Files_FBBP_DB_v1_release/schema/protein_database_er_full.mmd,Repository_Files_FBBP_DB_v1_release,16763,b5cd6ef674becb37976749aab629d68204c9a8ce710bc0da496956750e21f3c8
Repository_Files_FBBP_DB_v1_release/schema/protein_database_er_full.sql,Repository_Files_FBBP_DB_v1_release,25823,cfa35399f713b8dc6efbf212ac6062b0dbe1e473acbc1994987a169d42456c73
Repository_Files_FBBP_DB_v1_release/schema/protein_database_er_full_mysql.sql,Repository_Files_FBBP_DB_v1_release,28745,a5c34b93e644fa9e323d45f545ccd13fae25d55bd9a55a7464e87a4061959b90
Repository_Files_FBBP_DB_v1_release/schema/protein_database_er_full_sqlite.sql,Repository_Files_FBBP_DB_v1_release,25848,e8b7f70367712a131caccb8a55f90a41c1faaf10501ac308ebec3d978494ade1
Repository_Files_FBBP_DB_v1_release/scripts/validate_release.py,Repository_Files_FBBP_DB_v1_release,797,6a24acb8d7ed2335aa646d358ba6b791b11408736b28bfc197317a1162ff6738
Repository_Files_FBBP_DB_v1_release/sequence_structure/manifests/analysis_best_pdbs_manifest.csv,Repository_Files_FBBP_DB_v1_release,542553,eb247c2aec33cf1b7a1abe24e8d562798eb79214ed5a78e4010d1bb3f6f8c6ea
Repository_Files_FBBP_DB_v1_release/sequence_structure/manifests/analysis_sequence_fastas_clean_report.md,Repository_Files_FBBP_DB_v1_release,601,f3b5312fb04d561c9823468d79fb8acd886816b3647e4d2e84c610420522c394
Repository_Files_FBBP_DB_v1_release/sequence_structure/manifests/analysis_sequence_fastas_manifest.csv,Repository_Files_FBBP_DB_v1_release,302034,b7a6f38b35ceac41099cd0b8a4360a42b30d1427d1b9f61ecc8e8ecd94c4fa18
Repository_Files_FBBP_DB_v1_release/sequence_structure/manifests/bundle_report.md,Repository_Files_FBBP_DB_v1_release,1390,0015afb2024c9d896f68c96a03739883b3ae95b48c01510357f0d7c40c43a797
Repository_Files_FBBP_DB_v1_release/sequence_structure/manifests/copied_final_sequence_structure_map.csv,Repository_Files_FBBP_DB_v1_release,3171506,927d49922c86e6553bf57bd501a6674bd4a53fca8eb6d3a4a9421488f1c7e952
Repository_Files_FBBP_DB_v1_release/sequence_structure/manifests/package_inventory.csv,Repository_Files_FBBP_DB_v1_release,3348072,3e5fa1db1ee15e846d4081700e1578447ff21d9341764f2c4c0f5bf35b0582e8
Repository_Files_FBBP_DB_v1_release/sequence_structure/manifests/package_summary_counts.csv,Repository_Files_FBBP_DB_v1_release,820,798935fe9fe5ef2a96cb2451bb40f3ce54a26a7c0cc6313db683af98983d6317
Repository_Files_FBBP_DB_v1_release/sequence_structure/manifests/records_without_best_structure.csv,Repository_Files_FBBP_DB_v1_release,184,3a87918cc221ff1385147720cbdcbdab588a9f8dbb514be2c805b41f3d233d87
Repository_Files_FBBP_DB_v1_release/sequence_structure/manifests/scaffold_summary_counts.csv,Repository_Files_FBBP_DB_v1_release,386,257c1933277a9d074ae4495e8df939423c6ce16f6cbe708b4e04c2463b777820
Repository_Files_FBBP_DB_v1_release/sequence_structure/manifests/structure_fasta_length_mismatches_vs_web_proteins.csv,Repository_Files_FBBP_DB_v1_release,8510,bdf0b416dc7fd1aa774efab685bb0b2d4c6048318d4179e4aaea5869d680c9a9
Repository_Files_FBBP_DB_v1_release/sequence_structure/manifests/structure_source_method_counts.csv,Repository_Files_FBBP_DB_v1_release,216,405714ae670a9dcba78ffffeffd30381eeafca8191354690598391bd47b00bcb
Repository_Files_FBBP_DB_v1_release/sequence_structure/manifests/structure_submission_manifest.csv,Repository_Files_FBBP_DB_v1_release,986676,2dd2bd4a75184adf77cb47e49b81d18c699b090a7a5d232f60a11acda726943a
Repository_Files_FBBP_DB_v1_release/sequence_structure/manifests/web_ready_final_manifest.csv,Repository_Files_FBBP_DB_v1_release,1667169,383309079c974fe440a5095518d7a30cf67367ec78f21b78dc539502d03162ff
Repository_Files_FBBP_DB_v1_release/sequence_structure/sequences/all_protein_sequences.fasta,Repository_Files_FBBP_DB_v1_release,336686,1290dd5f6dd8c4fedea7f1d162a30cec327aea45837a80db5abb80d553595088
Repository_Files_FBBP_DB_v1_release/SHA256SUMS.txt,Repository_Files_FBBP_DB_v1_release,13694,17035d7ec088f8e4de36bf8905387c9ec24a4bf86908b80b81349b3872a50c00
Repository_Files_FBBP_DB_v1_release/tables/active_structure_context.csv,Repository_Files_FBBP_DB_v1_release,175146,d24789ebc45c4a3a8c72de2a1e74c3af08364f360f589a5525e19ad7cd23a0eb
Repository_Files_FBBP_DB_v1_release/tables/affinity_data.csv,Repository_Files_FBBP_DB_v1_release,50443,62d6de65b9dd2b218f77c6e8d3070b3f9ddd186c230c6598a889a3db45414a09
Repository_Files_FBBP_DB_v1_release/tables/bcell_epitope_results.csv,Repository_Files_FBBP_DB_v1_release,291452,54b4a630029433567a31776e7987bb0328df4beff46232a5159f2ff712df6642
Repository_Files_FBBP_DB_v1_release/tables/database_schema_table_inventory.csv,Repository_Files_FBBP_DB_v1_release,4948,fb5256908c0561fa4f14ad596c6859033a81bbb9f35ef58017f3ff0e06c89ce8
Repository_Files_FBBP_DB_v1_release/tables/digestive_assays.csv,Repository_Files_FBBP_DB_v1_release,993,0297f1eae9786e53c030cbc5608bdd16d220ab9407e1b45bfc67e10e4a852b9d
Repository_Files_FBBP_DB_v1_release/tables/domains.csv,Repository_Files_FBBP_DB_v1_release,144388,c75243a58069c93b2aa4affe4a83bd313c8fbf61c8b94fa79f231462d10c896c
Repository_Files_FBBP_DB_v1_release/tables/ecoli_expression_results.csv,Repository_Files_FBBP_DB_v1_release,627393,82965e5c4db78f973136a6599fc6f81fa7e012250f96e1c5891687eabf4130e1
Repository_Files_FBBP_DB_v1_release/tables/foldseek_results.csv,Repository_Files_FBBP_DB_v1_release,235029,1194d1cef92986e43e9f0e138e13732e5ceaf475da346c995b1fe2025b655dc9
Repository_Files_FBBP_DB_v1_release/tables/functional_annotations.csv,Repository_Files_FBBP_DB_v1_release,437748,6bc5f13a26b2982867a0f5cd087d8ffb3480d55e3072432f5b73a5c9427a9ede
Repository_Files_FBBP_DB_v1_release/tables/immunogenicity_summary.csv,Repository_Files_FBBP_DB_v1_release,77317,291edae1335bb6565d64984dc9e79f45fd0c57e418bca9608ecc5a1ac56f15a0
Repository_Files_FBBP_DB_v1_release/tables/interactions.csv,Repository_Files_FBBP_DB_v1_release,117365,cb645da371b4111358512971c5078e5a6e0d4e5c609c187a6d7ce43c7666c31e
Repository_Files_FBBP_DB_v1_release/tables/legacy_scores.csv,Repository_Files_FBBP_DB_v1_release,354354,c65c88cf74b3069c2ad780dd0934322f1090aecb75d5c0999242e8e02a38fa09
Repository_Files_FBBP_DB_v1_release/tables/loop_annotations.csv,Repository_Files_FBBP_DB_v1_release,505346,88b37fde87c3a5d763123b5c08e8ef5cb1c31bf77325a6c3266d8502f6a0cd60
Repository_Files_FBBP_DB_v1_release/tables/loop_flexibility_public_summary.csv,Repository_Files_FBBP_DB_v1_release,806684,c21f8aa7250220aeb3dc5029e2a7950f6a49d6b5c427d18e3b34c56d5f7a542e
Repository_Files_FBBP_DB_v1_release/tables/manual_review_audit.csv,Repository_Files_FBBP_DB_v1_release,90176,553759cc406d3c9fef4d1500277d5bff10bde6f60be61868cec207b70f7a9d4f
Repository_Files_FBBP_DB_v1_release/tables/mhci_results.csv,Repository_Files_FBBP_DB_v1_release,245101,fc1d7176af1d77e7d7175fa25215fd039a635c331358b9646300e963343bccc5
Repository_Files_FBBP_DB_v1_release/tables/mhcii_results.csv,Repository_Files_FBBP_DB_v1_release,221942,dfd269bee1b81bdb47aa37bc210227243df69f9e858a0a5642a53da5b01e4955
Repository_Files_FBBP_DB_v1_release/tables/oral_results.csv,Repository_Files_FBBP_DB_v1_release,224724,d44397cd69bcaa28f86daa0cfcd99cc8ae6cb62ef08f8501f1996cce7b34f097
Repository_Files_FBBP_DB_v1_release/tables/pipeline_versions.csv,Repository_Files_FBBP_DB_v1_release,410,9875ad52e67ae418dac0477b0fdc6a24622deeeae978de1bfc0320427c77489c
Repository_Files_FBBP_DB_v1_release/tables/plmsearch_results.csv,Repository_Files_FBBP_DB_v1_release,615418,1e5c16ffa6cfc49f0c9b44891d2e46098eb7691a66c314cf6efdaca3566dc142
Repository_Files_FBBP_DB_v1_release/tables/protein_flexibility_summary.csv,Repository_Files_FBBP_DB_v1_release,268741,274991060a770955d7918a0b3d8d59ace008f0f87b7cd9750c9bd2727e809b09
Repository_Files_FBBP_DB_v1_release/tables/protein_identifiers.csv,Repository_Files_FBBP_DB_v1_release,40541,ef1bd8948cc714dd91a68f8f13778b4988cbc59e4cdcec9d2f3bff78b89bbc4f
Repository_Files_FBBP_DB_v1_release/tables/protein_main_wide_view_1996.csv,Repository_Files_FBBP_DB_v1_release,5530556,8e6fc52cbb5358c9c871e03c3073a1daffadfeb7faee3198fa5c8e8156b4e5f1
Repository_Files_FBBP_DB_v1_release/tables/protein_main_wide_view_merge_audit.csv,Repository_Files_FBBP_DB_v1_release,1457,b477e36d55377fad1ca56bea17776f7d951c6616e865397352254e7d8b578db7
Repository_Files_FBBP_DB_v1_release/tables/proteins.csv,Repository_Files_FBBP_DB_v1_release,373167,6937438ba9c04dbf179627e72149e9af7de222289611290f9bb9bb6a5fbfa59f
Repository_Files_FBBP_DB_v1_release/tables/protparam_results.csv,Repository_Files_FBBP_DB_v1_release,133592,757b37c7423e4be8a2e46184b79bae9f91e77ac1f9ebae517faec3e049967c89
Repository_Files_FBBP_DB_v1_release/tables/protrek_results.csv,Repository_Files_FBBP_DB_v1_release,1055915,2c01355584cc65fdb48a3426885701c84759692f864044d5cb45a7142131afdf
Repository_Files_FBBP_DB_v1_release/tables/result_metadata.csv,Repository_Files_FBBP_DB_v1_release,384,1b97864cdfc57d8c39f89708620849df34b77141d49bd1d81f4b99e6c2bb6270
Repository_Files_FBBP_DB_v1_release/tables/solubility_results.csv,Repository_Files_FBBP_DB_v1_release,2572511,f5bae41e943dbe47680ece51f218dd1547592772c0d58d0ce7f6bcc4ba93ff86
Repository_Files_FBBP_DB_v1_release/tables/sources.csv,Repository_Files_FBBP_DB_v1_release,123901,037e806c37d986137a9b41b6481e1249d1a95c7d71aa7b51c051ac28b25ccb91
Repository_Files_FBBP_DB_v1_release/tables/structural_source_info.csv,Repository_Files_FBBP_DB_v1_release,161133,ee28f6349e5d98f38d255cfecefef0aa2076559955284b216e506d724be6bbf0
Repository_Files_FBBP_DB_v1_release/tables/structure_refinement_audit.csv,Repository_Files_FBBP_DB_v1_release,34990,8dcfa13a83df128f36cf8bf6a0ff4e8351ef15d9bac5086ceeee2189d9c4d7f7
Repository_Files_FBBP_DB_v1_release/tables/target_species_variants.csv,Repository_Files_FBBP_DB_v1_release,8487,12829284a718027460d4196dd64be8b0ed2f53c9807353c7ef3e08f527093f11
Repository_Files_FBBP_DB_v1_release/tables/targets_conceptual.csv,Repository_Files_FBBP_DB_v1_release,4724,407617674d83a0001173500b8dc697eb05a8b5132a926d2def7f6f3af01c8bec
Repository_Files_FBBP_DB_v1_release/tables/ted_results.csv,Repository_Files_FBBP_DB_v1_release,678505,2c69dc81c16e288f7384329d4d112c7a788d1c337b720d416bbc31527630947f
Repository_Files_FBBP_DB_v1_release/tables/trusted_source_qc.csv,Repository_Files_FBBP_DB_v1_release,181730,518d91c8735cb6196906041d5e179b7252d56622ce5aeaa13e660a9604583c1c
Repository_Files_FBBP_DB_v1_release/third_party_boundaries/README_restricted_sources.md,Repository_Files_FBBP_DB_v1_release,1319,5766a60eb4cec1e2788f2def2067de6e5d753a0910c48665216342e7abcdd074
Repository_Files_FBBP_DB_v1_release/website/WEBSITE_AVAILABILITY.md,Repository_Files_FBBP_DB_v1_release,743,7e11b24799cfe2e3b3f021c7723481968ad477a17420d8d90e20484fc81ca460
SECURITY.md,Repository metadata,1000,1c9d965eb367063686588ec65b9c129eb433fa9b5a14ac68a901d0cbedee8705
Supplementary_Data_1_Field_Level_Data_Dictionary/README.md,Supplementary_Data_1_Field_Level_Data_Dictionary,704,e8d2cf403bbadc7f4f7966e080fb54e4e49b33a99efd7c8fd256c0b670962387
Supplementary_Data_1_Field_Level_Data_Dictionary/Supplementary_Data_1_DATA_DICTIONARY.tsv,Supplementary_Data_1_Field_Level_Data_Dictionary,343121,b7fa9b17e01b809fe149a3ffd062f43f751e1da162138ffb50bc32f02c04c4d1
Supplementary_Data_2_LLM_Prompts_and_Curation_QC/llm_curation_qc_metrics_sanitized/gold_benchmark_v1_runtime_ready.csv,Supplementary_Data_2_LLM_Prompts_and_Curation_QC,23937,48c9a19f8089ccf7d33e7c56e2ade6ee63915ad77ec463282d4acf55e21b5988
Supplementary_Data_2_LLM_Prompts_and_Curation_QC/llm_curation_qc_metrics_sanitized/README.md,Supplementary_Data_2_LLM_Prompts_and_Curation_QC,332,6859fdd64c90246d0f00fc9e2a70525849dcbc2f63eb48c2a5af335f4a207a80
Supplementary_Data_2_LLM_Prompts_and_Curation_QC/llm_curation_qc_metrics_sanitized/reliability_field_metrics.csv,Supplementary_Data_2_LLM_Prompts_and_Curation_QC,1527,ae69a3a8524ce61815e7b417aa82c5a5994b4aae02e34bd7932d38d5ec97d901
Supplementary_Data_2_LLM_Prompts_and_Curation_QC/llm_curation_qc_metrics_sanitized/reliability_row_metrics.csv,Supplementary_Data_2_LLM_Prompts_and_Curation_QC,9682,85ed4e5ffa581140b130c072fdff0fcf7c9755aa1fb5ad3ded099640e0f2aa0b
Supplementary_Data_2_LLM_Prompts_and_Curation_QC/llm_curation_qc_metrics_sanitized/reliability_summary.json,Supplementary_Data_2_LLM_Prompts_and_Curation_QC,293,5eef161afc35fef3eb50c18205bed12c52a71c6cde09a2a77a3ce4a7a5e75036
Supplementary_Data_2_LLM_Prompts_and_Curation_QC/llm_curation_qc_metrics_sanitized/roundA_prepared_benchmark_manifest.csv,Supplementary_Data_2_LLM_Prompts_and_Curation_QC,8458,faac69a3f85acd052e9f4564f959e12d8d011f3b09a61f23102175f31beaed68
Supplementary_Data_2_LLM_Prompts_and_Curation_QC/prompt_files/README.md,Supplementary_Data_2_LLM_Prompts_and_Curation_QC,872,a791df9e95057dbecdd6a85ee0fd6b8d7df6ce239620c573329d50c7052fc468
Supplementary_Data_2_LLM_Prompts_and_Curation_QC/prompt_files/README_CN.md,Supplementary_Data_2_LLM_Prompts_and_Curation_QC,816,f09509ed1fb2cc9b3ca77401df8dda96031860e92f173b545d47ffd3d4b15619
Supplementary_Data_2_LLM_Prompts_and_Curation_QC/prompt_files/Supplementary_Data_2_LLM_prompts_manifest_20260608.csv,Supplementary_Data_2_LLM_Prompts_and_Curation_QC,1428,3b9516f62a7734d8f797a750cd9cebdaed1349f06400792c345984fccccb1971
Supplementary_Data_2_LLM_Prompts_and_Curation_QC/prompt_files/Supplementary_prompt_files_manifest_20260606.csv,Supplementary_Data_2_LLM_Prompts_and_Curation_QC,1567,fcb4bdbef2b7e57f3e0cbafbacb59aa42ae860b7eb0dd632cd11776c947e95ca
Supplementary_Data_2_LLM_Prompts_and_Curation_QC/prompt_files/SupplementaryPrompt_S1_literature_extraction_prompt_template_20260606.md,Supplementary_Data_2_LLM_Prompts_and_Curation_QC,6508,577dc086ef28d78a40b073df735ffb1c0435444d3b528cd4dfc32f5400f65b61
Supplementary_Data_2_LLM_Prompts_and_Curation_QC/prompt_files/SupplementaryPrompt_S2_patent_extraction_prompt_template_20260606.md,Supplementary_Data_2_LLM_Prompts_and_Curation_QC,6477,c61c82c226c10b90d3faf0f9b262978b1a79056d10672ed4329fb9819ae7005e
Supplementary_Data_2_LLM_Prompts_and_Curation_QC/prompt_files/SupplementaryPrompt_S3_extractor_qc_v3_20260606.md,Supplementary_Data_2_LLM_Prompts_and_Curation_QC,2532,d583f131a80b87387c4b0793ec3f4926e46ce50fa6169ab9029da22adaf39453
Supplementary_Data_2_LLM_Prompts_and_Curation_QC/prompt_files/SupplementaryPrompt_S4_reviewer_qc_v3_20260606.md,Supplementary_Data_2_LLM_Prompts_and_Curation_QC,2136,ebb28927af2457427f348cc6f842e2c4b638531573562ff589e9d3bbda332f5e
Supplementary_Data_2_LLM_Prompts_and_Curation_QC/prompt_files/SupplementaryPrompt_S5_arbiter_qc_v3_20260606.md,Supplementary_Data_2_LLM_Prompts_and_Curation_QC,2064,e38d44dbde865b86b6573700c536cef985766830a170f9773eb948dbbdd62b5e
Supplementary_Data_2_LLM_Prompts_and_Curation_QC/README.md,Supplementary_Data_2_LLM_Prompts_and_Curation_QC,397,f2fcf3cb6709fe9bd510b9d72be4d782d2126c5fdcb6c053a1cd0a0b30ec6f7d
Supplementary_Data_2_LLM_Prompts_and_Curation_QC/Supplementary_Data_2_LLM_prompts_20260608.zip,Supplementary_Data_2_LLM_Prompts_and_Curation_QC,12840,42def282c80e2a6f28f8702515882bb53d7e49e0514cfe0e09717cb08d963674
Supplementary_Data_2_LLM_Prompts_and_Curation_QC/Supplementary_Data_2_prompt_manifest.csv,Supplementary_Data_2_LLM_Prompts_and_Curation_QC,1428,3b9516f62a7734d8f797a750cd9cebdaed1349f06400792c345984fccccb1971
Supplementary_Data_2_LLM_Prompts_and_Curation_QC/Supplementary_Data_2_prompt_manifest.docx,Supplementary_Data_2_LLM_Prompts_and_Curation_QC,37305,9513d0817134568d8e103dbf82dcc147305e0e33e18cfc247773223fea030d1d
Supplementary_Data_3_RAG_Agent_Benchmark/README.md,Supplementary_Data_3_RAG_Agent_Benchmark,669,e7671f4053ffefed24bf1784db56118d0fcbf10415e48980941215f97dfba9e1
Supplementary_Data_3_RAG_Agent_Benchmark/Supplementary_Data_3_english_header_alias_map.csv,Supplementary_Data_3_RAG_Agent_Benchmark,2193,682ab9133762dde39506ef40e4a48f7571a278a08a2e9346acb6a113d621a49f
Supplementary_Data_3_RAG_Agent_Benchmark/Supplementary_Data_3_table_manifest.csv,Supplementary_Data_3_RAG_Agent_Benchmark,2933,a007e84c303564658232ce5ac7583c578d26cef57b598091bed6eca7750c782a
Supplementary_Data_3_RAG_Agent_Benchmark/Supplementary_Data_3a_RAG_benchmark_set_design.csv,Supplementary_Data_3_RAG_Agent_Benchmark,715,3db0a84747354f56353c012ff73d84b32aa2d259f3b83f37aa21e257eb7c8467
Supplementary_Data_3_RAG_Agent_Benchmark/Supplementary_Data_3a_RAG_benchmark_set_design_english_headers.csv,Supplementary_Data_3_RAG_Agent_Benchmark,716,37f4a1bfab8d475336028d75dc7f954ff914e29f9dac5b40841795842852a72b
Supplementary_Data_3_RAG_Agent_Benchmark/Supplementary_Data_3b_RAG_question_subclass_distribution.csv,Supplementary_Data_3_RAG_Agent_Benchmark,835,1c9d4d4f3cd304c982d2ed113ffe2ff7b5e5a664f06219484475bff7428156a4
Supplementary_Data_3_RAG_Agent_Benchmark/Supplementary_Data_3b_RAG_question_subclass_distribution_english_headers.csv,Supplementary_Data_3_RAG_Agent_Benchmark,820,7f0ae7ef5fedc7fd7b3e3e998c30b1d25783f2fd6d04037970a9299f0744d491
Supplementary_Data_3_RAG_Agent_Benchmark/Supplementary_Data_3c_fixed_120_question_benchmark_set.csv,Supplementary_Data_3_RAG_Agent_Benchmark,23394,c478b2f89510ae967df150227a060b35130f2d951e42162a7cce40709c53b0a1
Supplementary_Data_3_RAG_Agent_Benchmark/Supplementary_Data_3c_fixed_120_question_benchmark_set_english_headers.csv,Supplementary_Data_3_RAG_Agent_Benchmark,23287,42ce9d1cf737bd9d2cec3dd571eb598542345161368feef749f6fca98a5cc197
Supplementary_Data_3_RAG_Agent_Benchmark/Supplementary_Data_3d_direct_vs_RAG_model_results.csv,Supplementary_Data_3_RAG_Agent_Benchmark,766,38d22506adbaac88fd72620ffbc5b8ed2e7e6aa91a800a2319fb92280aa563ed
Supplementary_Data_3_RAG_Agent_Benchmark/Supplementary_Data_3d_direct_vs_RAG_model_results_english_headers.csv,Supplementary_Data_3_RAG_Agent_Benchmark,756,2528c647d2489d3c1a23acd5933a646e34297b1b99ec23804e1df123c91185af
Supplementary_Data_3_RAG_Agent_Benchmark/Supplementary_Data_3e_question_category_uplift_summary.csv,Supplementary_Data_3_RAG_Agent_Benchmark,384,81033179330328ebb2d787a2422d900b12f67fdddd3e671f396173ace8e21ab5
Supplementary_Data_3_RAG_Agent_Benchmark/Supplementary_Data_3e_question_category_uplift_summary_english_headers.csv,Supplementary_Data_3_RAG_Agent_Benchmark,394,07f4c3b242e3773f381e510a458e11caaa16c80fc3f4f37a91d653e7cc108597
Supplementary_Data_3_RAG_Agent_Benchmark/Supplementary_Data_3f_model_by_category_uplift_summary.csv,Supplementary_Data_3_RAG_Agent_Benchmark,878,93b3dde8d85ffa256ea424bbbe1e40b52b538f45a913d47a46842e7967ec5563
Supplementary_Data_3_RAG_Agent_Benchmark/Supplementary_Data_3f_model_by_category_uplift_summary_english_headers.csv,Supplementary_Data_3_RAG_Agent_Benchmark,875,892b970b7441b0ff33236387e0f8a05e6bbd0408a604a57bd43d2c08adffc46f
Supplementary_Data_3_RAG_Agent_Benchmark/Supplementary_Data_3g_appendix_control_results.csv,Supplementary_Data_3_RAG_Agent_Benchmark,792,074758bd42ded0531f317b0a82b171413d97cb43533e8879d725ae37a0887106
Supplementary_Data_3_RAG_Agent_Benchmark/Supplementary_Data_3g_appendix_control_results_english_headers.csv,Supplementary_Data_3_RAG_Agent_Benchmark,790,de88178a538078796f61a9c9211f93e1c46a40a25287f6c53d2b706408f40ab9
Supplementary_Data_3_RAG_Agent_Benchmark/Supplementary_Data_3h_topk_sensitivity_summary.csv,Supplementary_Data_3_RAG_Agent_Benchmark,331,45c3db488b9ca91c3a39b3a787379ab7ebd86dc57302a92591e5f67a01184e60
Supplementary_Data_3_RAG_Agent_Benchmark/Supplementary_Data_3i_benchmark_settings.csv,Supplementary_Data_3_RAG_Agent_Benchmark,589,ea06f35bf869029b2767499c6ddc27c1ac5f3eb4d3ce42b675e53d10badd8327
Supplementary_Data_3_RAG_Agent_Benchmark/Supplementary_Data_3i_benchmark_settings_english_headers.csv,Supplementary_Data_3_RAG_Agent_Benchmark,584,6e3866a31b3c11be442ac35045e68bffd61ac7c6175bb236a7ac31c7162d79f0
Supplementary_Data_3_RAG_Agent_Benchmark/Supplementary_Data_3j_repeatability_summary.csv,Supplementary_Data_3_RAG_Agent_Benchmark,352,301e36e704e22610348c93cf6a3ea6afd43e5db437b1073ac96e6686d20c146b
Supplementary_Data_3_RAG_Agent_Benchmark/Supplementary_Data_3j_repeatability_summary_english_headers.csv,Supplementary_Data_3_RAG_Agent_Benchmark,348,6e4a570a491410fa69e12dacdd90c381db5099071bf4ce593d43096971cadbbc
Supplementary_Data_4_Figure_Source_Data_Code_Manifest/README.md,Supplementary_Data_4_Figure_Source_Data_Code_Manifest,709,422d886ad6fea4b8bc485b20f1b280862f50cceafc6779bb18b8bcf86ad286a9
Supplementary_Data_4_Figure_Source_Data_Code_Manifest/README_FIGURE_SOURCE_DATA_STATUS.md,Supplementary_Data_4_Figure_Source_Data_Code_Manifest,828,a1f8fe30d1c75eea0ff0f774cfb4fc37218fc6475f9cfc12a61d46686988900d
Supplementary_Data_4_Figure_Source_Data_Code_Manifest/Supplementary_Data_4_figure_source_data_code_manifest_sanitized.csv,Supplementary_Data_4_Figure_Source_Data_Code_Manifest,2784,86866050ecc03226ac16ac7bc14b1b0d257c916b43b54c11862304406139bdcf
supplementary_data_repository_inventory.csv,supplementary_data_repository_inventory.csv,709,7d4db5ee14b8193a67298046a45155b52850b54f5a2200538b50906daed0a64b
